trial,stimleftf,stimrightf,selected,selectedstim
0,preconf_male_1_00001_ori.png,preconf_male_1_00001_inv.png,left,preconf_male_1_00001_ori.png
1,preconf_male_1_00002_inv.png,preconf_male_1_00002_ori.png,left,preconf_male_1_00002_inv.png
2,preconf_male_1_00003_inv.png,preconf_male_1_00003_ori.png,right,preconf_male_1_00003_ori.png
3,preconf_male_1_00004_inv.png,preconf_male_1_00004_ori.png,right,preconf_male_1_00004_ori.png
4,preconf_male_1_00005_ori.png,preconf_male_1_00005_inv.png,left,preconf_male_1_00005_ori.png
5,preconf_male_1_00006_inv.png,preconf_male_1_00006_ori.png,left,preconf_male_1_00006_inv.png
6,preconf_male_1_00007_inv.png,preconf_male_1_00007_ori.png,right,preconf_male_1_00007_ori.png
7,preconf_male_1_00008_ori.png,preconf_male_1_00008_inv.png,right,preconf_male_1_00008_inv.png
8,preconf_male_1_00009_inv.png,preconf_male_1_00009_ori.png,left,preconf_male_1_00009_inv.png
9,preconf_male_1_00010_ori.png,preconf_male_1_00010_inv.png,right,preconf_male_1_00010_inv.png
10,preconf_male_1_00011_ori.png,preconf_male_1_00011_inv.png,left,preconf_male_1_00011_ori.png
11,preconf_male_1_00012_ori.png,preconf_male_1_00012_inv.png,left,preconf_male_1_00012_ori.png
12,preconf_male_1_00013_inv.png,preconf_male_1_00013_ori.png,left,preconf_male_1_00013_inv.png
13,preconf_male_1_00014_inv.png,preconf_male_1_00014_ori.png,left,preconf_male_1_00014_inv.png
14,preconf_male_1_00015_ori.png,preconf_male_1_00015_inv.png,right,preconf_male_1_00015_inv.png
15,preconf_male_1_00016_inv.png,preconf_male_1_00016_ori.png,left,preconf_male_1_00016_inv.png
16,preconf_male_1_00017_inv.png,preconf_male_1_00017_ori.png,left,preconf_male_1_00017_inv.png
17,preconf_male_1_00018_ori.png,preconf_male_1_00018_inv.png,right,preconf_male_1_00018_inv.png
18,preconf_male_1_00019_inv.png,preconf_male_1_00019_ori.png,left,preconf_male_1_00019_inv.png
19,preconf_male_1_00020_inv.png,preconf_male_1_00020_ori.png,left,preconf_male_1_00020_inv.png
